{"cameraMode":{"drawMode":0,"name":"Shaded","section":"Shading Mode"},"sceneLighting":true,"audioPlay":false,"sceneViewState":{"showFog":true,"showMaterialUpdate":false,"showSkybox":true,"showFlares":true,"showImageEffects":true,"showParticleSystems":true},"in2DMode":false,"pivot":{"x":-17.196598052978517,"y":13.083739280700684,"z":-24.887710571289064},"rotation":{"x":-0.011679794639348984,"y":-0.8858758807182312,"z":0.46323710680007937,"w":-0.022336406633257867},"size":45.80097961425781,"orthographic":false}