{"cameraMode":{"drawMode":0,"name":"Shaded","section":"Shading Mode"},"sceneLighting":true,"audioPlay":false,"sceneViewState":{"showFog":true,"showMaterialUpdate":true,"showSkybox":true,"showFlares":true,"showImageEffects":true,"showParticleSystems":true},"in2DMode":false,"pivot":{"x":23.820911407470704,"y":0.6274087429046631,"z":21.780296325683595},"rotation":{"x":-0.2945639491081238,"y":-0.33174002170562746,"z":0.10986513644456864,"w":-0.8894432783126831},"size":2.3937296867370607,"orthographic":false}