{"cameraMode":{"drawMode":0,"name":"Shaded","section":"Shading Mode"},"sceneLighting":false,"audioPlay":false,"sceneViewState":{"showFog":true,"showMaterialUpdate":true,"showSkybox":true,"showFlares":true,"showImageEffects":true,"showParticleSystems":true},"in2DMode":false,"pivot":{"x":-18.639999389648439,"y":0.21312686800956727,"z":1.8140000104904175},"rotation":{"x":-0.2062443047761917,"y":0.36025315523147585,"z":-0.08199416100978852,"w":-0.9060673117637634},"size":0.9923235177993774,"orthographic":false}