{"cameraMode":{"drawMode":0,"name":"Shaded","section":"Shading Mode"},"sceneLighting":false,"audioPlay":false,"sceneViewState":{"showFog":true,"showMaterialUpdate":true,"showSkybox":true,"showFlares":true,"showImageEffects":true,"showParticleSystems":true},"in2DMode":false,"pivot":{"x":1.2794101238250733,"y":0.6607035994529724,"z":15.060004234313965},"rotation":{"x":-0.10098446905612946,"y":-0.22293755412101746,"z":0.02323336713016033,"w":-0.9693096876144409},"size":1.3175686597824097,"orthographic":false}