{"cameraMode":{"drawMode":0,"name":"Shaded","section":"Shading Mode"},"sceneLighting":false,"audioPlay":false,"sceneViewState":{"showFog":true,"showMaterialUpdate":true,"showSkybox":true,"showFlares":true,"showImageEffects":true,"showParticleSystems":true},"in2DMode":false,"pivot":{"x":0.08039999008178711,"y":1.432999849319458,"z":0.75},"rotation":{"x":-0.11400258541107178,"y":0.7845868468284607,"z":-0.15156209468841554,"w":-0.5903014540672302},"size":2.9878432750701906,"orthographic":false}