{"cameraMode":{"drawMode":0,"name":"Shaded","section":"Shading Mode"},"sceneLighting":false,"audioPlay":false,"sceneViewState":{"showFog":true,"showMaterialUpdate":true,"showSkybox":true,"showFlares":true,"showImageEffects":true,"showParticleSystems":true},"in2DMode":false,"pivot":{"x":7.661047458648682,"y":0.6583750247955322,"z":15.031682014465332},"rotation":{"x":-0.28886678814888,"y":-0.5592190027236939,"z":0.2164624184370041,"w":-0.7463070750236511},"size":1.260333776473999,"orthographic":false}