{"cameraMode":{"drawMode":0,"name":"Shaded","section":"Shading Mode"},"sceneLighting":false,"audioPlay":false,"sceneViewState":{"showFog":true,"showMaterialUpdate":true,"showSkybox":true,"showFlares":true,"showImageEffects":true,"showParticleSystems":true},"in2DMode":false,"pivot":{"x":-1.0703325271606446,"y":-2.659148693084717,"z":10.61277961730957},"rotation":{"x":0.1130535677075386,"y":0.4771178662776947,"z":-0.06202329322695732,"w":0.8693276643753052},"size":16.06464958190918,"orthographic":false}