{"cameraMode":{"drawMode":0,"name":"Shaded","section":"Shading Mode"},"sceneLighting":false,"audioPlay":false,"sceneViewState":{"showFog":true,"showMaterialUpdate":true,"showSkybox":true,"showFlares":true,"showImageEffects":true,"showParticleSystems":true},"in2DMode":false,"pivot":{"x":4.1807169914245609,"y":0.667696475982666,"z":15.03761100769043},"rotation":{"x":-0.28886678814888,"y":-0.5592190027236939,"z":0.2164624184370041,"w":-0.7463070750236511},"size":0.2922211289405823,"orthographic":false}