{"cameraMode":{"drawMode":0,"name":"Shaded","section":"Shading Mode"},"sceneLighting":false,"audioPlay":false,"sceneViewState":{"showFog":true,"showMaterialUpdate":true,"showSkybox":true,"showFlares":true,"showImageEffects":true,"showParticleSystems":true},"in2DMode":false,"pivot":{"x":-0.9581910967826843,"y":1.1326080560684205,"z":0.6748034954071045},"rotation":{"x":0.15943044424057008,"y":0.3269501328468323,"z":-0.05603775382041931,"w":0.9298093318939209},"size":4.448590278625488,"orthographic":false}