{"cameraMode":{"drawMode":0,"name":"Shaded","section":"Shading Mode"},"sceneLighting":false,"audioPlay":false,"sceneViewState":{"showFog":true,"showMaterialUpdate":true,"showSkybox":true,"showFlares":true,"showImageEffects":true,"showParticleSystems":true},"in2DMode":false,"pivot":{"x":-0.26369357109069826,"y":-0.11780500411987305,"z":-0.007954384200274945},"rotation":{"x":0.15300056338310243,"y":0.6850237250328064,"z":-0.1505139172077179,"w":0.6961889266967773},"size":1.245232105255127,"orthographic":false}