{"cameraMode":{"drawMode":0,"name":"Shaded","section":"Shading Mode"},"sceneLighting":false,"audioPlay":false,"sceneViewState":{"showFog":true,"showMaterialUpdate":true,"showSkybox":true,"showFlares":true,"showImageEffects":true,"showParticleSystems":true},"in2DMode":false,"pivot":{"x":0.08039999008178711,"y":-0.06699991226196289,"z":0.75},"rotation":{"x":0.22235330939292909,"y":0.18186788260936738,"z":-0.04223543033003807,"w":0.9569218158721924},"size":16.004148483276368,"orthographic":false}