{"cameraMode":{"drawMode":0,"name":"Shaded","section":"Shading Mode"},"sceneLighting":false,"audioPlay":false,"sceneViewState":{"showFog":true,"showMaterialUpdate":true,"showSkybox":true,"showFlares":true,"showImageEffects":true,"showParticleSystems":true},"in2DMode":false,"pivot":{"x":2.684556722640991,"y":0.65125972032547,"z":15.00100040435791},"rotation":{"x":-0.28886678814888,"y":-0.5592190027236939,"z":0.2164624184370041,"w":-0.7463070750236511},"size":1.0798848867416382,"orthographic":false}