{"cameraMode":{"drawMode":0,"name":"Shaded","section":"Shading Mode"},"sceneLighting":false,"audioPlay":false,"sceneViewState":{"showFog":true,"showMaterialUpdate":true,"showSkybox":true,"showFlares":true,"showImageEffects":true,"showParticleSystems":true},"in2DMode":false,"pivot":{"x":0.011179149150848389,"y":1.2345045804977418,"z":0.07864326238632202},"rotation":{"x":0.004270542878657579,"y":-0.9485502243041992,"z":0.012806504964828492,"w":0.31633880734443667},"size":2.6228182315826418,"orthographic":false}