{"cameraMode":{"drawMode":0,"name":"Shaded","section":"Shading Mode"},"sceneLighting":false,"audioPlay":false,"sceneViewState":{"showFog":true,"showMaterialUpdate":true,"showSkybox":true,"showFlares":true,"showImageEffects":true,"showParticleSystems":true},"in2DMode":false,"pivot":{"x":5.978000164031982,"y":0.6740000247955322,"z":15.04699993133545},"rotation":{"x":-0.28886678814888,"y":-0.5592190027236939,"z":0.2164624184370041,"w":-0.7463070750236511},"size":1.9489411115646363,"orthographic":false}