{"cameraMode":{"drawMode":0,"name":"Shaded","section":"Shading Mode"},"sceneLighting":false,"audioPlay":false,"sceneViewState":{"showFog":true,"showMaterialUpdate":true,"showSkybox":true,"showFlares":true,"showImageEffects":true,"showParticleSystems":true},"in2DMode":false,"pivot":{"x":0.4671230912208557,"y":1.6940226554870606,"z":0.01702296733856201},"rotation":{"x":0.15853236615657807,"y":-0.035228181630373,"z":0.005681680515408516,"w":0.9867088794708252},"size":1.5056617259979249,"orthographic":false}