{"cameraMode":{"drawMode":0,"name":"Shaded","section":"Shading Mode"},"sceneLighting":false,"audioPlay":false,"sceneViewState":{"showFog":true,"showMaterialUpdate":true,"showSkybox":true,"showFlares":true,"showImageEffects":true,"showParticleSystems":true},"in2DMode":false,"pivot":{"x":0.08244991302490235,"y":-0.08745002746582031,"z":0.6094000339508057},"rotation":{"x":-0.2727656066417694,"y":-0.3486873507499695,"z":0.10684776306152344,"w":-0.8902807235717773},"size":16.004148483276368,"orthographic":false}