{"cameraMode":{"drawMode":0,"name":"Shaded","section":"Shading Mode"},"sceneLighting":false,"audioPlay":false,"sceneViewState":{"showFog":true,"showMaterialUpdate":true,"showSkybox":true,"showFlares":true,"showImageEffects":true,"showParticleSystems":true},"in2DMode":false,"pivot":{"x":-21.799760818481447,"y":0.9044634699821472,"z":11.347808837890625},"rotation":{"x":0.2508891224861145,"y":-0.48032042384147646,"z":0.14559446275234223,"w":0.8277374505996704},"size":2.983330249786377,"orthographic":false}