{"cameraMode":{"drawMode":0,"name":"Shaded","section":"Shading Mode"},"sceneLighting":false,"audioPlay":false,"sceneViewState":{"showFog":true,"showMaterialUpdate":true,"showSkybox":true,"showFlares":true,"showImageEffects":true,"showParticleSystems":true},"in2DMode":false,"pivot":{"x":0.07739996910095215,"y":-0.0625,"z":0.9258000254631043},"rotation":{"x":-0.2727656066417694,"y":-0.3486873507499695,"z":0.10684776306152344,"w":-0.8902807235717773},"size":16.004148483276368,"orthographic":false}