{"cameraMode":{"drawMode":0,"name":"Shaded","section":"Shading Mode"},"sceneLighting":false,"audioPlay":false,"sceneViewState":{"showFog":true,"showMaterialUpdate":true,"showSkybox":true,"showFlares":true,"showImageEffects":true,"showParticleSystems":true},"in2DMode":false,"pivot":{"x":0.9467999935150147,"y":1.7760000228881837,"z":-1.2209999561309815},"rotation":{"x":-0.20227527618408204,"y":0.5271198153495789,"z":-0.13086314499378205,"w":-0.8149259090423584},"size":0.2333451509475708,"orthographic":false}