{"cameraMode":{"drawMode":0,"name":"Shaded","section":"Shading Mode"},"sceneLighting":true,"audioPlay":false,"sceneViewState":{"showFog":true,"showMaterialUpdate":false,"showSkybox":true,"showFlares":true,"showImageEffects":true,"showParticleSystems":true},"in2DMode":false,"pivot":{"x":-10.151065826416016,"y":8.542058944702149,"z":-0.7732727527618408},"rotation":{"x":0.026851486414670945,"y":0.9121739864349365,"z":-0.4044121205806732,"w":0.06056775525212288},"size":6.728111743927002,"orthographic":false}